title,link,channel_name,channel_link,view_count,upload_date,duration,thumbnail
Step By Step Understanding Of Implementing Data Science Project,https://www.youtube.com/watch?v=Qz7erR3zVUc&pp=ygUVZGF0YSBzY2llbmNlIHByb2plY3Rz,Krish Naik,https://www.youtube.com/@krishnaik06,111000,5 years ago,13:45,https://i.ytimg.com/vi/Qz7erR3zVUc/hqdefault.jpg?sqp=-oaymwEnCOADEI4CSFryq4qpAxkIARUAAIhCGAHYAQHiAQoIGBACGAY4AUAB&rs=AOn4CLCnWL9JQSdURc1E4zZFHhiMSzl0cQ
Data Science Projects For Resume | Machine Learning Projects With Source Code,https://www.youtube.com/watch?v=957fQCm5aDo&pp=ygUVZGF0YSBzY2llbmNlIHByb2plY3Rz,codebasics,https://www.youtube.com/@codebasics,588000,3 years ago,14:07,https://i.ytimg.com/vi/957fQCm5aDo/hq720.jpg?sqp=-oaymwEnCNAFEJQDSFryq4qpAxkIARUAAIhCGAHYAQHiAQoIGBACGAY4AUAB&rs=AOn4CLAQz17yygYMw4wJZeStPmMgCplFCg
üî•Top 3 Data Science Projects For 2024 #Shorts #Simplilearn,https://www.youtube.com/shorts/Tf9lp7_KTqQ,Simplilearn,https://www.youtube.com/@SimplilearnOfficial,4600,1 year ago,SHORTS,
Data Science Projects For Resume,https://www.youtube.com/watch?v=UCqyn1v3q4M&pp=ygUVZGF0YSBzY2llbmNlIHByb2plY3Rz,Krish Naik,https://www.youtube.com/@krishnaik06,45000,10 months ago,8:45,
üî• Top 5 Data Science Projects #Shorts #Simplilearn,https://www.youtube.com/shorts/S3vBfEUG9Fc,Simplilearn,https://www.youtube.com/@SimplilearnOfficial,1100,1 year ago,SHORTS,
Data Science Project Demo with Data Scientist Melissa Phillips,https://www.youtube.com/watch?v=4PLY2B8lOQo&pp=ygUVZGF0YSBzY2llbmNlIHByb2plY3Rz,UVA School of Data Science,https://www.youtube.com/@uvaschoolofdatascience571,63000,3 years ago,10:08,
Smartphone Sales Analysis | Data Scientist Project,https://www.youtube.com/watch?v=k3XBgK_5frI&pp=ygUVZGF0YSBzY2llbmNlIHByb2plY3Rz,Aditya Sharma,https://www.youtube.com/@Aditya.HiCounselor,52,streamed 1 day ago,58:13,
Data Science Project - Covid-19 Data Analysis Project using Python | Python Training | Edureka,https://www.youtube.com/watch?v=mKSWAlvXSmw&pp=ygUVZGF0YSBzY2llbmNlIHByb2plY3Rz,edureka!,https://www.youtube.com/@edurekaIN,397000,streamed 4 years ago,29:31,
How To Start Working on Data Science Projects (As a Beginner) #shorts,https://www.youtube.com/shorts/JTlB9fwYRk0,Ken Jee,https://www.youtube.com/@KenJee_ds,12000,1 year ago,SHORTS,
My honest advice to someone who wants to be a data scientist,https://www.youtube.com/watch?v=fx5GP00IcHs&pp=ygUVZGF0YSBzY2llbmNlIHByb2plY3Rz,Egor Howell,https://www.youtube.com/@egorhowell,41000,4 months ago,6:45,
The Complete Data Science Roadmap,https://www.youtube.com/watch?v=9R3X0JoCLyU&pp=ygUVZGF0YSBzY2llbmNlIHByb2plY3Rz,Programming with Mosh,https://www.youtube.com/@programmingwithmosh,209000,5 months ago,6:13,
Impress Recruiters With These Data Science Projects,https://www.youtube.com/watch?v=D-5HHfFRFWA&pp=ygUVZGF0YSBzY2llbmNlIHByb2plY3Rz,StrataScratch,https://www.youtube.com/@stratascratch,1900,4 months ago,9:11,
Machine Learning & Data Science Project - 1 : Introduction (Real Estate Price Prediction Project),https://www.youtube.com/watch?v=rdfbcdP75KI&pp=ygUVZGF0YSBzY2llbmNlIHByb2plY3Rz,codebasics,https://www.youtube.com/@codebasics,445000,5 years ago,2:12,
16 Best Data Science Project Ideas | Data Science Projects for Beginners & Advanced,https://www.youtube.com/watch?v=ZHmzbH3Oidk&pp=ygUVZGF0YSBzY2llbmNlIHByb2plY3Rz,upGrad,https://www.youtube.com/@upGrad_edu,4800,2 months ago,12:11,
How to come up with Data Science projects - From Ideas to Implementation,https://www.youtube.com/watch?v=l6YfXTHk59E&pp=ygUVZGF0YSBzY2llbmNlIHByb2plY3Rz,Data Professor,https://www.youtube.com/@DataProfessor,9800,2 years ago,16:17,
What Is a Good Data Science Project For Jobs?,https://www.youtube.com/watch?v=wl9zCLyBDU4&pp=ygUVZGF0YSBzY2llbmNlIHByb2plY3Rz,Krish Naik,https://www.youtube.com/@krishnaik06,46000,9 months ago,13:41,
üî• Top 10 Data Science Projects For 2024 | 10 Data Science Projects For Beginners | Simplilearn,https://www.youtube.com/watch?v=pMohiDJo24k&pp=ygUVZGF0YSBzY2llbmNlIHByb2plY3Rz,Simplilearn,https://www.youtube.com/@SimplilearnOfficial,46000,1 year ago,12:23,
How to Make a Data Science Project with Kaggle,https://www.youtube.com/watch?v=m2DfpM6MyB8&pp=ygUVZGF0YSBzY2llbmNlIHByb2plY3Rz,Google Cloud Tech,https://www.youtube.com/@googlecloudtech,133000,6 years ago,21:00,
üåüData Science Resume Project: Bangalore Property Price Prediction! #codebasics #shorts #data,https://www.youtube.com/shorts/eeNq4VpBezs,codebasics,https://www.youtube.com/@codebasics,18000,1 year ago,SHORTS,
3 projects to highlight in your data science portfolio,https://www.youtube.com/shorts/t8pDRQRbS54,Sundas Khalid,https://www.youtube.com/@SundasKhalid,84000,3 years ago,SHORTS,
"Python for Data Science Course ‚Äì Hands-on Projects with EDA, AB Testing & Business Intelligence",https://www.youtube.com/watch?v=FTpmwX94_Yo&pp=ygUVZGF0YSBzY2llbmNlIHByb2plY3Rz,freeCodeCamp.org,https://www.youtube.com/@freecodecamp,131000,6 months ago,5:24:31,
Build 12 Data Science Apps with Python and Streamlit - Full Course,https://www.youtube.com/watch?v=JwSS70SZdyM&pp=ygUVZGF0YSBzY2llbmNlIHByb2plY3Rz,freeCodeCamp.org,https://www.youtube.com/@freecodecamp,1200000,3 years ago,3:11:52,
Free datasets for machine learning and data science projects,https://www.youtube.com/watch?v=eD3Zsb6w7K4&pp=ygUVZGF0YSBzY2llbmNlIHByb2plY3Rz,codebasics,https://www.youtube.com/@codebasics,22000,3 years ago,3:44,
Guided Data Science Projects for Your Resume!üìÑüë®‚Äçüíº #dataanalysis #datascience #data #shorts,https://www.youtube.com/shorts/-JOoeynadEQ,codebasics,https://www.youtube.com/@codebasics,139000,1 year ago,SHORTS,https://i.ytimg.com/vi/-JOoeynadEQ/hq720.jpg?sqp=-oaymwFBCNAFEJQDSFryq4qpAzMIARUAAIhCGADYAQHiAQoIGBACGAY4AUAB8AEB-AHOBYACgAqKAgwIABABGBEgcihGMA8=&rs=AOn4CLDLM9YB69TOIXWFivEJAlJGf-i7QQ
Top 6 Data Science GitHub Projects || MUST BOOKMARK üî•,https://www.youtube.com/shorts/LVrRpjmgfgc,Analytics Vidhya,https://www.youtube.com/@Analyticsvidhya,47000,1 year ago,SHORTS,
Become a Data Scientist: Roadmap with Free Resources,https://www.youtube.com/watch?v=K7GShburb6A&pp=ygUVZGF0YSBzY2llbmNlIHByb2plY3Rz,Exaltitude,https://www.youtube.com/@exaltitude,1100,17 hours ago,8:13,
Spam Mail Prediction | Data Science Project,https://www.youtube.com/watch?v=7IfhIhRYyAU&pp=ygUVZGF0YSBzY2llbmNlIHByb2plY3Rz,Aditya Sharma,https://www.youtube.com/@Aditya.HiCounselor,0,,UPCOMING,
R Programming For Data Science Full Course in 4 Hours | Learn R Programming Tutorial 2025,https://www.youtube.com/watch?v=TwRxZwSFrBQ&pp=ygUVZGF0YSBzY2llbmNlIHByb2plY3Rz,BEPEC by Kanth,https://www.youtube.com/@BEPEC,231,21 hours ago,3:45:56,
What Should Be Your First Data Science Projects In Your Resume?,https://www.youtube.com/watch?v=6c-qeb_uESA&pp=ygUVZGF0YSBzY2llbmNlIHByb2plY3Rz,Krish Naik,https://www.youtube.com/@krishnaik06,21000,4 years ago,9:04,
Data Science Roadmap 2025 : From Beginner to Pro in 14 Minutes | Data Science | Data Science Galaxy,https://www.youtube.com/watch?v=tuUNUJxuzx8&pp=ygUVZGF0YSBzY2llbmNlIHByb2plY3Rz,Data Science Galaxy,https://www.youtube.com/@DataScienceGalaxy,0,20 hours ago,14:25,
Modern Application Development I Project Demo | Household Services | BS Data Science IITM,https://www.youtube.com/watch?v=FHMdtaLWznI&pp=ygUVZGF0YSBzY2llbmNlIHByb2plY3Rz,Jishnu J P,https://www.youtube.com/@JishnuJP-b1s,0,21 hours ago,11:59,
Supply Chain Analysis with Python 25 Transportation Cost Optimization Using AdaBoost Algorithm,https://www.youtube.com/watch?v=FT3JVe_xKQE&pp=ygUVZGF0YSBzY2llbmNlIHByb2plY3Rz,Chain,https://www.youtube.com/@Chain-Chainowski,0,16 hours ago,3:36,
Data Roles Explained in 3 Minutes (Data Analyst vs. Data Scientist vs. Data Engineer vs. BI Analyst),https://www.youtube.com/watch?v=8qSwh_r6wg8&pp=ygUVZGF0YSBzY2llbmNlIHByb2plY3Rz,Data36 - Online Data Science Courses,https://www.youtube.com/@datatomi,0,10 hours ago,3:16,
How a Data Science Course at Edure Changed His Career | Success Story,https://www.youtube.com/watch?v=V24oWBUizoM&pp=ygUVZGF0YSBzY2llbmNlIHByb2plY3Rz,Edure Learning,https://www.youtube.com/@EdureLearning,0,19 hours ago,11:44,
How To Make 100$ a day Building AI Agents with CrewAI,https://www.youtube.com/watch?v=_6f_Om8lhuA&pp=ygUVZGF0YSBzY2llbmNlIHByb2plY3Rz,KevenBazile,https://www.youtube.com/@Kevencebazile,0,5 hours ago,9:43,
How Data-Led and AI-Led Transformations Differ: An Expert's Perspective,https://www.youtube.com/shorts/DNvn8fd7WPY,ProjectPro - Data Science Projects,https://www.youtube.com/@ProjectProDataScienceProjects,0,19 hours ago,SHORTS,
Top 10 NLP Project Ideas üí°#nlp #ai #datascience #machinelearning #deeplearning #bigdata #python #ai,https://www.youtube.com/shorts/ABCRD2WTbSA,AI Data Hub,https://www.youtube.com/@AIDataHub,0,3 hours ago,SHORTS,
SSIS Solution Project Blog Day 55 | Data Engineering üßë‚ÄçüíªüöÄ #studyvlog #youtubeshorts #shorts,https://www.youtube.com/shorts/4LpSKS6dKuM,Abhishek Tripathi,https://www.youtube.com/@CloudandTechie,471,18 hours ago,SHORTS,https://i.ytimg.com/vi/4LpSKS6dKuM/hq720_2.jpg?sqp=-oaymwFBCNAFEJQDSFryq4qpAzMIARUAAIhCGADYAQHiAQoIGBACGAY4AUAB8AEB-AG2CIACgA-KAgwIABABGE0gWyhlMA8=&rs=AOn4CLAYZ03yyAJDbj7lEhee-SisP1L71g
üöÄStruggling with Data Science Tools in Your Live Project?,https://www.youtube.com/shorts/_LKJEjSzUBA,Gig Networks,https://www.youtube.com/@Gignets,0,18 hours ago,SHORTS,https://i.ytimg.com/vi/_LKJEjSzUBA/hq720_2.jpg?sqp=-oaymwFBCNAFEJQDSFryq4qpAzMIARUAAIhCGADYAQHiAQoIGBACGAY4AUAB8AEB-AG2CIACgA-KAgwIABABGHIgVSgzMA8=&rs=AOn4CLDMi_ehi7o5vOvfP6UYtp3SRq9xlA
Apheris: Revolutionizing AI in Life Sciences! #sciencefather,https://www.youtube.com/shorts/fdBjmZ5HkO4,Ai Data Scientist,https://www.youtube.com/@aidatascientistaward,0,21 hours ago,SHORTS,https://i.ytimg.com/vi/fdBjmZ5HkO4/hq720_2.jpg?sqp=-oaymwFBCNAFEJQDSFryq4qpAzMIARUAAIhCGADYAQHiAQoIGBACGAY4AUAB8AEB-AG2CIACgA-KAgwIABABGDsgXChyMA8=&rs=AOn4CLDSXKetoN84VpiVH-sB5u7PnMs0cg
What is data science #music #datascience #machinelearning #dataanalytics #nlp #ai,https://www.youtube.com/shorts/lz8P4CcQ_pI,ML Projects,https://www.youtube.com/@ml-projects-z9l,0,17 hours ago,SHORTS,https://i.ytimg.com/vi/lz8P4CcQ_pI/hq720_2.jpg?sqp=-oaymwFBCNAFEJQDSFryq4qpAzMIARUAAIhCGADYAQHiAQoIGBACGAY4AUAB8AEB-AHOBYACgAqKAgwIABABGF4gXiheMA8=&rs=AOn4CLC0pyNIRTQpeAsFcQlM1JokUVawZw
Data Science Projects In Python | Data Analysis | #shorts #ytshorts #datascience #datavisualization,https://www.youtube.com/shorts/FSMP-pcuaBQ,EduSpark,https://www.youtube.com/@LahariPandiri-66,0,15 hours ago,SHORTS,https://i.ytimg.com/vi/FSMP-pcuaBQ/hq720.jpg?sqp=-oaymwFBCNAFEJQDSFryq4qpAzMIARUAAIhCGADYAQHiAQoIGBACGAY4AUAB8AEB-AHOBYACgAqKAgwIABABGH8gEygiMA8=&rs=AOn4CLD2nPtIgCxYssv3elIRPCK5WRxGmA
Top 10 Data Science Projects In 2021 | Best Data Science Project Ideas In 2021 | Edureka,https://www.youtube.com/watch?v=h1r9NnQDJfo&pp=ygUVZGF0YSBzY2llbmNlIHByb2plY3Rz,edureka!,https://www.youtube.com/@edurekaIN,64000,3 years ago,18:26,https://i.ytimg.com/vi/h1r9NnQDJfo/hq720.jpg?sqp=-oaymwEnCNAFEJQDSFryq4qpAxkIARUAAIhCGAHYAQHiAQoIGBACGAY4AUAB&rs=AOn4CLAWueW3E-6kjpf_xB0cFm3y6j326w
5 Essential Data Science Projects for Your Portfolio,https://www.youtube.com/watch?v=BBDiadC8BvE&pp=ygUVZGF0YSBzY2llbmNlIHByb2plY3Rz,Ken Jee,https://www.youtube.com/@KenJee_ds,75000,4 years ago,6:54,
How Should You Explain Your Data Science Projects To Recruiters?- Must Watch For Everyone,https://www.youtube.com/watch?v=-mQkrH4-E8A&pp=ygUVZGF0YSBzY2llbmNlIHByb2plY3Rz,Krish Naik,https://www.youtube.com/@krishnaik06,100000,4 years ago,17:15,
How Data Science Projects Are Implemented Using Agile Methodologyü§î ü§î ü§î ü§î ü§î ü§î ü§î,https://www.youtube.com/watch?v=gYsU2VTESE8&pp=ygUVZGF0YSBzY2llbmNlIHByb2plY3Rz,Krish Naik,https://www.youtube.com/@krishnaik06,37000,3 years ago,15:05,
Data Science Life Cycle | Life Cycle Of A Data Science Project | Data Science Tutorial | Simplilearn,https://www.youtube.com/watch?v=4Cp6PkBKqX4&pp=ygUVZGF0YSBzY2llbmNlIHByb2plY3Rz,Simplilearn,https://www.youtube.com/@SimplilearnOfficial,74000,4 years ago,17:48,
How to create your first data science project,https://www.youtube.com/watch?v=WXy10mi7Akc&pp=ygUVZGF0YSBzY2llbmNlIHByb2plY3Rz,Data Professor,https://www.youtube.com/@DataProfessor,19000,2 years ago,21:18,
Machine Learning & Data Science Project - 2 : Data Cleaning (Real Estate Price Prediction Project),https://www.youtube.com/watch?v=_drqJ9SFCgU&pp=ygUVZGF0YSBzY2llbmNlIHByb2plY3Rz,codebasics,https://www.youtube.com/@codebasics,354000,5 years ago,15:21,
Why Data Science Project Fails? Sharing My 9+ Years Experience,https://www.youtube.com/watch?v=KDIvVwrKCpw&pp=ygUVZGF0YSBzY2llbmNlIHByb2plY3Rz,Krish Naik,https://www.youtube.com/@krishnaik06,5100,3 years ago,43:16,
Best Data Science Projects in 2021,https://www.youtube.com/shorts/x2t4lvBsLBc,BEPEC by Kanth,https://www.youtube.com/@BEPEC,101000,3 years ago,SHORTS,
7 Data Science Projects to Boost Knowledge for Beginners,https://www.youtube.com/watch?v=Ab_e7ZcALno&pp=ygUVZGF0YSBzY2llbmNlIHByb2plY3Rz,Analytics Vidhya,https://www.youtube.com/@Analyticsvidhya,52000,5 years ago,2:14,
Data Science Projects for Resume|Top 5 Data Science Projects for Your Resume| Simplilearn,https://www.youtube.com/watch?v=vv5CvvxxX88&pp=ygUVZGF0YSBzY2llbmNlIHByb2plY3Rz,Simplilearn,https://www.youtube.com/@SimplilearnOfficial,22000,1 year ago,8:05,
Data Science Projects Tutorial | Data Science Projects In R | Data Science Training | Edureka,https://www.youtube.com/watch?v=FQdIV437CRU&pp=ygUVZGF0YSBzY2llbmNlIHByb2plY3Rz,edureka!,https://www.youtube.com/@edurekaIN,30000,6 years ago,22:43,
5 Impactful Data Science Projects For Your Portfolio,https://www.youtube.com/watch?v=QMP858aZcow&pp=ygUVZGF0YSBzY2llbmNlIHByb2plY3Rz,Ken Jee,https://www.youtube.com/@KenJee_ds,106000,2 years ago,7:28,
End To End Data Science Project Implementation In One Shot- Part 1,https://www.youtube.com/watch?v=1m3CPP-93RI&pp=ygUVZGF0YSBzY2llbmNlIHByb2plY3Rz,Krish Naik,https://www.youtube.com/@krishnaik06,132000,1 year ago,4:18:05,
Developed Many End To End Data Science Projects But Unable To Explain In Interviews- General Q&A,https://www.youtube.com/watch?v=aFBli1gpr0c&pp=ygUVZGF0YSBzY2llbmNlIHByb2plY3Rz,Krish Naik,https://www.youtube.com/@krishnaik06,10000,3 years ago,7:40,
Data Science Project- Predicting outcome with Support Vector Machine in Machine Learning | Edureka,https://www.youtube.com/watch?v=9hVIS0sFYX4&pp=ygUVZGF0YSBzY2llbmNlIHByb2plY3Rz,edureka!,https://www.youtube.com/@edurekaIN,21000,streamed 4 years ago,30:03,
7 Tips To Structure Your Python Data Science Projects,https://www.youtube.com/watch?v=xVuqDBCQAYc&pp=ygUVZGF0YSBzY2llbmNlIHByb2plY3Rz,ArjanCodes,https://www.youtube.com/@ArjanCodes,120000,1 year ago,14:49,https://i.ytimg.com/vi/xVuqDBCQAYc/hq720.jpg?sqp=-oaymwEnCNAFEJQDSFryq4qpAxkIARUAAIhCGAHYAQHiAQoIGBACGAY4AUAB&rs=AOn4CLDDHrdCJn-JUqiPsUwUeoALCd5xOQ
Data science projects in 2022 | Data Science projects in Python | Great Learning,https://www.youtube.com/watch?v=rEyvIQctcMo&pp=ygUVZGF0YSBzY2llbmNlIHByb2plY3Rz,Great Learning,https://www.youtube.com/@greatlearning,59000,3 years ago,5:39:00,https://i.ytimg.com/vi/rEyvIQctcMo/hq720.jpg?sqp=-oaymwEnCNAFEJQDSFryq4qpAxkIARUAAIhCGAHYAQHiAQoIGBACGAY4AUAB&rs=AOn4CLAupOIoQV2Zgiac2AjVlULF3FJi6A
20+ Data Science Project Ideas From 5 Domains,https://www.youtube.com/watch?v=zk6OBmEI0xY&pp=ygUVZGF0YSBzY2llbmNlIHByb2plY3Rz,Krish Naik,https://www.youtube.com/@krishnaik06,55000,3 years ago,12:09,https://i.ytimg.com/vi/zk6OBmEI0xY/hq720.jpg?sqp=-oaymwEnCNAFEJQDSFryq4qpAxkIARUAAIhCGAHYAQHiAQoIGBACGAY4AUAB&rs=AOn4CLCrEVRVohkpWMSpeLSf4USe7H0joQ
Top 10 Data Science Projects | Best Data Science Projects | Data Science Project Ideas | Intellipaat,https://www.youtube.com/watch?v=B3KMrc2jFqE&pp=ygUVZGF0YSBzY2llbmNlIHByb2plY3Rz,Intellipaat,https://www.youtube.com/@Intellipaat,4400,streamed 2 years ago,7:10,https://i.ytimg.com/vi/B3KMrc2jFqE/hq720.jpg?sqp=-oaymwEnCNAFEJQDSFryq4qpAxkIARUAAIhCGAHYAQHiAQoIGBACGAY4AUAB&rs=AOn4CLAetGQJOUjjXmfsx8kl5xdjd6idiA
Build a Stand-Out Data Science Project Portfolio With Omdena,https://www.youtube.com/watch?v=Rn0LyHJujF4&pp=ygUVZGF0YSBzY2llbmNlIHByb2plY3Rz,codebasics,https://www.youtube.com/@codebasics,51000,2 years ago,6:58,https://i.ytimg.com/vi/Rn0LyHJujF4/hq720.jpg?sqp=-oaymwEnCNAFEJQDSFryq4qpAxkIARUAAIhCGAHYAQHiAQoIGBACGAY4AUAB&rs=AOn4CLC77igDtnAiXWpT8mvuA4eYssv_3A
Data Analytics vs Data Science,https://www.youtube.com/watch?v=dcXqhMqhZUo&pp=ygUVZGF0YSBzY2llbmNlIHByb2plY3Rz,IBM Technology,https://www.youtube.com/@IBMTechnology,564000,1 year ago,6:30,
üî• Data Science Projects for Your Resume #Shorts #Simplilearn,https://www.youtube.com/shorts/KV96SumOqM0,Simplilearn,https://www.youtube.com/@SimplilearnOfficial,729,1 year ago,SHORTS,
Beginner Kaggle Data Science Project Walk-Through (Housing Prices) | With ChatGPT,https://www.youtube.com/watch?v=NQQ3DRdXAXE&pp=ygUVZGF0YSBzY2llbmNlIHByb2plY3Rz,Ken Jee,https://www.youtube.com/@KenJee_ds,65000,1 year ago,1:01:02,
A Dedicated Playlist For End To End Data Science Projects Implementation With Deployment In 2023,https://www.youtube.com/watch?v=qDxCYmLWUyQ&pp=ygUVZGF0YSBzY2llbmNlIHByb2plY3Rz,Krish Naik,https://www.youtube.com/@krishnaik06,24000,1 year ago,8:28,
How To Build Ideas For Real World Data Science Projects For Interviews,https://www.youtube.com/watch?v=qgf4_5ximzI&pp=ygUVZGF0YSBzY2llbmNlIHByb2plY3Rz,Krish Naik,https://www.youtube.com/@krishnaik06,24000,1 year ago,8:39,
Data Science Project from Scratch | Simple Data Science Project | Intellipaat,https://www.youtube.com/watch?v=3ru6ng3G3Gc&pp=ygUVZGF0YSBzY2llbmNlIHByb2plY3Rz,Intellipaat,https://www.youtube.com/@Intellipaat,4600,streamed 3 years ago,30:08,
Machine Learning & Data Science Project - 5 : Model Building (Real Estate Price Prediction Project),https://www.youtube.com/watch?v=oCiRv94GMEc&pp=ygUVZGF0YSBzY2llbmNlIHByb2plY3Rz,codebasics,https://www.youtube.com/@codebasics,178000,5 years ago,19:12,
Complete Data Science Project!,https://www.youtube.com/watch?v=7SRcYdd9JcY&pp=ygUVZGF0YSBzY2llbmNlIHByb2plY3Rz,Rob Mulla,https://www.youtube.com/@robmulla,13000,2 years ago,38:31,
Get NOTICED in Data Science!!! (3 types of GREAT projects),https://www.youtube.com/watch?v=cIZWgPmpRVc&pp=ygUVZGF0YSBzY2llbmNlIHByb2plY3Rz,Luke Barousse,https://www.youtube.com/@LukeBarousse,95000,3 years ago,8:01,
Machine Learning & Data Science Project - 4 : Outlier Removal (Real Estate Price Prediction Project),https://www.youtube.com/watch?v=cbqZa_1vzcg&pp=ygUVZGF0YSBzY2llbmNlIHByb2plY3Rz,codebasics,https://www.youtube.com/@codebasics,180000,5 years ago,19:31,
Reviewing Your Data Science Projects - Episode 1 (Exploratory Analysis),https://www.youtube.com/watch?v=DW55gaQ_Egk&pp=ygUVZGF0YSBzY2llbmNlIHByb2plY3Rz,Ken Jee,https://www.youtube.com/@KenJee_ds,8500,4 years ago,11:48,
Top 5 Data Science Projects/Ideas For Your Resume For Freshers From My Playlist- Must Watchüî•üî•üî•,https://www.youtube.com/watch?v=FNfBR7ZnyWo&pp=ygUVZGF0YSBzY2llbmNlIHByb2plY3Rz,Krish Naik,https://www.youtube.com/@krishnaik06,103000,4 years ago,21:54,
How To Convert A Kaggle Project To A End To End Data Science With Deployment For Freshers üî•üî•üî•üî•,https://www.youtube.com/watch?v=8fOv9JiH1jI&pp=ygUVZGF0YSBzY2llbmNlIHByb2plY3Rz,Krish Naik,https://www.youtube.com/@krishnaik06,48000,4 years ago,26:12,
Designing Data Science Projects Architecture- AI Car Solution-Important For Interviewsüî•üî•üî•üî•,https://www.youtube.com/watch?v=cUi9gsxRjp0&pp=ygUVZGF0YSBzY2llbmNlIHByb2plY3Rz,Krish Naik,https://www.youtube.com/@krishnaik06,8800,4 years ago,25:04,https://i.ytimg.com/vi/cUi9gsxRjp0/hq720.jpg?sqp=-oaymwEnCNAFEJQDSFryq4qpAxkIARUAAIhCGAHYAQHiAQoIGBACGAY4AUAB&rs=AOn4CLArItZwKeZzsuy2JDf4R8tc7bAjTw
Best Free Data Sets For Data Science Projects,https://www.youtube.com/watch?v=XcWFTEdERP0&pp=ygUVZGF0YSBzY2llbmNlIHByb2plY3Rz,Krish Naik,https://www.youtube.com/@krishnaik06,30000,4 years ago,11:11,https://i.ytimg.com/vi/XcWFTEdERP0/hqdefault.jpg?sqp=-oaymwEnCOADEI4CSFryq4qpAxkIARUAAIhCGAHYAQHiAQoIGBACGAY4AUAB&rs=AOn4CLCjXtLrf7yPV6br8nEQWxLuikfmZA
What Should Be A Proper Structure Of Your Data Science Projects In Github?,https://www.youtube.com/watch?v=QAVrSm-NiBo&pp=ygUVZGF0YSBzY2llbmNlIHByb2plY3Rz,Krish Naik,https://www.youtube.com/@krishnaik06,41000,3 years ago,10:11,https://i.ytimg.com/vi/QAVrSm-NiBo/hq720.jpg?sqp=-oaymwEnCNAFEJQDSFryq4qpAxkIARUAAIhCGAHYAQHiAQoIGBACGAY4AUAB&rs=AOn4CLDsqXRhMctnWuKiOraOTFHpsRhnMg
8 Projects To Get A Data Science Job | Projects for Data Science Portfolio,https://www.youtube.com/watch?v=SQHfry4xmdM&pp=ygUVZGF0YSBzY2llbmNlIHByb2plY3Rz,CampusX,https://www.youtube.com/@campusx-official,142000,3 years ago,31:51,https://i.ytimg.com/vi/SQHfry4xmdM/hqdefault.jpg?sqp=-oaymwEnCOADEI4CSFryq4qpAxkIARUAAIhCGAHYAQHiAQoIGBACGAY4AUAB&rs=AOn4CLCExJAENxIYzIKpZdMStrYSmgPiWg
Did you know you can find fun data science projects with Tidy Tuesday? #tidyr #datascience,https://www.youtube.com/shorts/aWcgMDF2_XU,Posit PBC,https://www.youtube.com/@PositPBC,1400,1 year ago,SHORTS,https://i.ytimg.com/vi/aWcgMDF2_XU/hq720_2.jpg?sqp=-oaymwFBCNAFEJQDSFryq4qpAzMIARUAAIhCGADYAQHiAQoIGBACGAY4AUAB8AEB-AG2CIACgA-KAgwIABABGFsgYShlMA8=&rs=AOn4CLD_uQmPpmEj6vVGcloiNh92hz_ZIQ
Steal My 30 Data Science Project Ideas!,https://www.youtube.com/shorts/KF3CUVwdLz0,Avery Smith | Data Analyst,https://www.youtube.com/@averysmith,2900,1 year ago,SHORTS,https://i.ytimg.com/vi/KF3CUVwdLz0/hq720_2.jpg?sqp=-oaymwFBCNAFEJQDSFryq4qpAzMIARUAAIhCGADYAQHiAQoIGBACGAY4AUAB8AEB-AG2CIACgA-KAgwIABABGGIgZShbMA8=&rs=AOn4CLDJ0ENT3D9HuQiuGETD39SvTSzoAg
"4 Tips For Building Powerful Data Science Projects. Ft. Nick Singh (Ex. Facebook, Google)",https://www.youtube.com/watch?v=zh-xQp508Vk&pp=ygUVZGF0YSBzY2llbmNlIHByb2plY3Rz,codebasics,https://www.youtube.com/@codebasics,11000,2 years ago,20:03,https://i.ytimg.com/vi/zh-xQp508Vk/hq720.jpg?sqp=-oaymwEnCNAFEJQDSFryq4qpAxkIARUAAIhCGAHYAQHiAQoIGBACGAY4AUAB&rs=AOn4CLBqfB7Wi4FP4FZTS8FlXx3Y577ZNw
Complete Life Cycle of a Data Science Project,https://www.youtube.com/watch?v=jkoOpXaD0H4&pp=ygUVZGF0YSBzY2llbmNlIHByb2plY3Rz,Krish Naik,https://www.youtube.com/@krishnaik06,56000,5 years ago,9:57,
Why OOPS Concepts Is Must For Implementing Complex Data Science Projects,https://www.youtube.com/watch?v=5FYBf-HG3as&pp=ygUVZGF0YSBzY2llbmNlIHByb2plY3Rz,Krish Naik,https://www.youtube.com/@krishnaik06,14000,4 years ago,10:54,
Reviewing Your Data Science Projects - Episode 10 (Leveraging Your Data),https://www.youtube.com/watch?v=B1g_yMKpdwo&pp=ygUVZGF0YSBzY2llbmNlIHByb2plY3Rz,Ken Jee,https://www.youtube.com/@KenJee_ds,4700,4 years ago,14:01,
Data Science Project - Expectations vs Reality (funny) #shorts,https://www.youtube.com/shorts/68GGPK3WaqI,Ken Jee,https://www.youtube.com/@KenJee_ds,42000,3 years ago,SHORTS,
5 Unusual Data Science Projects that Will Land You a Job,https://www.youtube.com/watch?v=d6FeV8WXPWY&pp=ygUVZGF0YSBzY2llbmNlIHByb2plY3Rz,Ken Jee,https://www.youtube.com/@KenJee_ds,12000,4 years ago,4:59,
Data Science In 5 Minutes | Data Science For Beginners | What Is Data Science? | Simplilearn,https://www.youtube.com/watch?v=X3paOmcrTjQ&pp=ygUVZGF0YSBzY2llbmNlIHByb2plY3Rz,Simplilearn,https://www.youtube.com/@SimplilearnOfficial,4200000,6 years ago,4:38,
How to Explain Data Science Projects in Interviews? 3 Tips for Crafting Clear and Impactful Answers!,https://www.youtube.com/watch?v=O0Kh8vh02co&pp=ygUVZGF0YSBzY2llbmNlIHByb2plY3Rz,Emma Ding,https://www.youtube.com/@emma_ding,17000,3 years ago,11:48,
Loan Eligibility Prediction Tutorial | Python Projects For Data Science | Python Training | Edureka,https://www.youtube.com/watch?v=T9kgWBmUIRk&pp=ygUVZGF0YSBzY2llbmNlIHByb2plY3Rz,edureka!,https://www.youtube.com/@edurekaIN,99000,3 years ago,43:04,
Project-based Data Science Interview Questions: How to Explain Your Projects with Confidence!,https://www.youtube.com/watch?v=pVQ-05ZYZJE&pp=ygUVZGF0YSBzY2llbmNlIHByb2plY3Rz,Emma Ding,https://www.youtube.com/@emma_ding,41000,3 years ago,11:51,
Data Science Industry Ready Project Course Announcement For Everyone-24th September,https://www.youtube.com/watch?v=5W9QiJo95Ws&pp=ygUVZGF0YSBzY2llbmNlIHByb2plY3Rz,Krish Naik,https://www.youtube.com/@krishnaik06,16000,2 years ago,5:35,
5 Beginner Data Science Projects to start today!,https://www.youtube.com/watch?v=PwE-xuw5sNU&pp=ygUVZGF0YSBzY2llbmNlIHByb2plY3Rz,Recall by Dataiku,https://www.youtube.com/@RecallbyDataiku,214000,3 years ago,13:15,
Data Science Projects Tutorial | Data Science Projects In R | Data Science | Edureka Rewind - 2,https://www.youtube.com/watch?v=F5Hv6DR8zIM&pp=ygUVZGF0YSBzY2llbmNlIHByb2plY3Rz,edureka!,https://www.youtube.com/@edurekaIN,1100,streamed 2 years ago,31:16,
The Data Science Projects that Got Me a Job,https://www.youtube.com/watch?v=imMPnCHvbkY&pp=ygUVZGF0YSBzY2llbmNlIHByb2plY3Rz,Ken Jee,https://www.youtube.com/@KenJee_ds,42000,4 years ago,4:27,
Data Science Project from Scratch - Part 1 (Project Planning),https://www.youtube.com/watch?v=MpF9HENQjDo&pp=ygUVZGF0YSBzY2llbmNlIHByb2plY3Rz,Ken Jee,https://www.youtube.com/@KenJee_ds,221000,4 years ago,7:28,
3 Proven Data Science Projects for Beginners (Kaggle),https://www.youtube.com/watch?v=8igH8qZafpo&pp=ygUVZGF0YSBzY2llbmNlIHByb2plY3Rz,Ken Jee,https://www.youtube.com/@KenJee_ds,336000,4 years ago,7:34,
Top Data science PROJECT IDEAS For 2023| Improve Your Resume,https://www.youtube.com/shorts/7obfldyOWVs,Coding Blocks,https://www.youtube.com/@CodingBlocksIndia,7000,1 year ago,SHORTS,https://i.ytimg.com/vi/7obfldyOWVs/hq720_2.jpg?sqp=-oaymwFBCNAFEJQDSFryq4qpAzMIARUAAIhCGADYAQHiAQoIGBACGAY4AUAB8AEB-AG2CIACgA-KAgwIABABGGUgZShlMA8=&rs=AOn4CLCTRqyrBzpvAZ-offyw3O-wOKyaoA
2021 CFEM Financial Data Science Projects,https://www.youtube.com/watch?v=REtjijGgve4&pp=ygUVZGF0YSBzY2llbmNlIHByb2plY3Rz,Cornell Financial Engineering Manhattan CFEM,https://www.youtube.com/@cornellfinancialengineerin8462,734,2 years ago,21:04,https://i.ytimg.com/vi/REtjijGgve4/hq720.jpg?sqp=-oaymwFBCNAFEJQDSFryq4qpAzMIARUAAIhCGAHYAQHiAQoIGBACGAY4AUAB8AEB-AH-CIAC0AWKAgwIABABGH8gOSgZMA8=&rs=AOn4CLDrEiE6mgv3cKFpcUjB72xwVoR0Dw
